<list>
  <model.Aluno>
    <empresaColaborador>
      <idEmpresa>1</idEmpresa>
      <nomeEmpresa>SIT</nomeEmpresa>
    </empresaColaborador>
    <funcaoColaborador>
      <idFuncao>1</idFuncao>
      <descricaoFuncao>MOTORISTA</descricaoFuncao>
    </funcaoColaborador>
    <estadoColaborador>ATIVO</estadoColaborador>
    <matricula>3311</matricula>
    <nome>YGOR DAUDT</nome>
    <idAluno>1</idAluno>
    <equipeAluno>
      <idEquipe>1</idEquipe>
      <empresa>
        <idEmpresa>1</idEmpresa>
        <nomeEmpresa>SIT</nomeEmpresa>
      </empresa>
      <corEquipe>
        <id>1</id>
        <descricao>AZUL</descricao>
      </corEquipe>
      <descricaoEquipe>SIT-AZUL</descricaoEquipe>
      <aulasEscaladas>
        <model.AulaEscalada>
          <dataAulaEscalada>2019-07-28</dataAulaEscalada>
          <estadoAulaEscalada>CONCLUIDO</estadoAulaEscalada>
        </model.AulaEscalada>
        <model.AulaEscalada>
          <dataAulaEscalada>2019-07-24</dataAulaEscalada>
          <estadoAulaEscalada>ANDAMENTO</estadoAulaEscalada>
        </model.AulaEscalada>
        <model.AulaEscalada>
          <dataAulaEscalada>2019-07-23</dataAulaEscalada>
          <estadoAulaEscalada>ANDAMENTO</estadoAulaEscalada>
        </model.AulaEscalada>
        <model.AulaEscalada>
          <dataAulaEscalada>2019-07-21</dataAulaEscalada>
          <estadoAulaEscalada>ANDAMENTO</estadoAulaEscalada>
        </model.AulaEscalada>
      </aulasEscaladas>
    </equipeAluno>
    <estadoAluno>MATRICULADO</estadoAluno>
    <aulasFrequentadas>
      <model.AulaFrequentada>
        <aulaEscalada>
          <dataAulaEscalada>2019-07-24</dataAulaEscalada>
          <estadoAulaEscalada>CONCLUIDO</estadoAulaEscalada>
        </aulaEscalada>
        <nomeInstrutor>
          <empresaColaborador>
            <idEmpresa>1</idEmpresa>
            <nomeEmpresa>SITMACAE</nomeEmpresa>
          </empresaColaborador>
          <funcaoColaborador>
            <idFuncao>2</idFuncao>
            <descricaoFuncao>INSTRUTOR</descricaoFuncao>
          </funcaoColaborador>
          <estadoColaborador>ATIVO</estadoColaborador>
          <matricula>5</matricula>
          <nome>LIZARDO</nome>
        </nomeInstrutor>
        <tipoPercurso>
          <id>1</id>
          <descricao>RODOVIA</descricao>
        </tipoPercurso>
        <numeroCarro>4321</numeroCarro>
        <descricaoParecer>Alterado</descricaoParecer>
        <infracoesCometidas>
          <model.InfracaoCometida>
            <tipoInfracao>
              <idTipoInfracao>3</idTipoInfracao>
              <descricaoTipoInfracao>Ultrapassagem Errada</descricaoTipoInfracao>
              <contextoTipoInfracao>
                <id>2</id>
                <descricao>Imprudencia</descricao>
                <pontuacao>5</pontuacao>
              </contextoTipoInfracao>
            </tipoInfracao>
          </model.InfracaoCometida>
          <model.InfracaoCometida>
            <tipoInfracao>
              <idTipoInfracao>2</idTipoInfracao>
              <descricaoTipoInfracao>Falta de Atencao</descricaoTipoInfracao>
              <contextoTipoInfracao>
                <id>1</id>
                <descricao>Comportamento</descricao>
                <pontuacao>10</pontuacao>
              </contextoTipoInfracao>
            </tipoInfracao>
          </model.InfracaoCometida>
          <model.InfracaoCometida>
            <tipoInfracao>
              <idTipoInfracao>1</idTipoInfracao>
              <descricaoTipoInfracao>Xingamento</descricaoTipoInfracao>
              <contextoTipoInfracao>
                <id>1</id>
                <descricao>Comportamento</descricao>
                <pontuacao>10</pontuacao>
              </contextoTipoInfracao>
            </tipoInfracao>
          </model.InfracaoCometida>
        </infracoesCometidas>
        <pontuacaoAulaFrequentada>25</pontuacaoAulaFrequentada>
        <presenca>true</presenca>
      </model.AulaFrequentada>
    </aulasFrequentadas>
    <pontuacaoAluno>0</pontuacaoAluno>
  </model.Aluno>
  <model.Aluno>
    <empresaColaborador>
      <idEmpresa>1</idEmpresa>
      <nomeEmpresa>SIT</nomeEmpresa>
    </empresaColaborador>
    <funcaoColaborador>
      <idFuncao>1</idFuncao>
      <descricaoFuncao>MOTORISTA</descricaoFuncao>
    </funcaoColaborador>
    <estadoColaborador>ATIVO</estadoColaborador>
    <matricula>1818</matricula>
    <nome>LARISSA CORREA</nome>
    <idAluno>2</idAluno>
    <equipeAluno>
      <idEquipe>1</idEquipe>
      <empresa>
        <idEmpresa>1</idEmpresa>
        <nomeEmpresa>SIT</nomeEmpresa>
      </empresa>
      <corEquipe>
        <id>1</id>
        <descricao>AZUL</descricao>
      </corEquipe>
      <descricaoEquipe>SIT-AZUL</descricaoEquipe>
      <aulasEscaladas>
        <model.AulaEscalada>
          <dataAulaEscalada>2019-07-28</dataAulaEscalada>
          <estadoAulaEscalada>CONCLUIDO</estadoAulaEscalada>
        </model.AulaEscalada>
        <model.AulaEscalada>
          <dataAulaEscalada>2019-07-24</dataAulaEscalada>
          <estadoAulaEscalada>ANDAMENTO</estadoAulaEscalada>
        </model.AulaEscalada>
        <model.AulaEscalada>
          <dataAulaEscalada>2019-07-23</dataAulaEscalada>
          <estadoAulaEscalada>ANDAMENTO</estadoAulaEscalada>
        </model.AulaEscalada>
        <model.AulaEscalada>
          <dataAulaEscalada>2019-07-21</dataAulaEscalada>
          <estadoAulaEscalada>ANDAMENTO</estadoAulaEscalada>
        </model.AulaEscalada>
      </aulasEscaladas>
    </equipeAluno>
    <estadoAluno>MATRICULADO</estadoAluno>
    <aulasFrequentadas>
      <model.AulaFrequentada>
        <aulaEscalada>
          <dataAulaEscalada>2019-07-28</dataAulaEscalada>
          <estadoAulaEscalada>CONCLUIDO</estadoAulaEscalada>
        </aulaEscalada>
        <nomeInstrutor>
          <empresaColaborador>
            <idEmpresa>1</idEmpresa>
            <nomeEmpresa>SITMACAE</nomeEmpresa>
          </empresaColaborador>
          <funcaoColaborador>
            <idFuncao>2</idFuncao>
            <descricaoFuncao>INSTRUTOR</descricaoFuncao>
          </funcaoColaborador>
          <estadoColaborador>ATIVO</estadoColaborador>
          <matricula>5</matricula>
          <nome>LIZARDO</nome>
        </nomeInstrutor>
        <tipoPercurso>
          <id>1</id>
          <descricao>RODOVIA</descricao>
        </tipoPercurso>
        <numeroCarro>1234</numeroCarro>
        <descricaoParecer>Ok</descricaoParecer>
        <infracoesCometidas>
          <model.InfracaoCometida>
            <tipoInfracao>
              <idTipoInfracao>2</idTipoInfracao>
              <descricaoTipoInfracao>Falta de Atencao</descricaoTipoInfracao>
              <contextoTipoInfracao>
                <id>1</id>
                <descricao>Comportamento</descricao>
                <pontuacao>10</pontuacao>
              </contextoTipoInfracao>
            </tipoInfracao>
          </model.InfracaoCometida>
          <model.InfracaoCometida>
            <tipoInfracao>
              <idTipoInfracao>1</idTipoInfracao>
              <descricaoTipoInfracao>Xingamento</descricaoTipoInfracao>
              <contextoTipoInfracao>
                <id>1</id>
                <descricao>Comportamento</descricao>
                <pontuacao>10</pontuacao>
              </contextoTipoInfracao>
            </tipoInfracao>
          </model.InfracaoCometida>
        </infracoesCometidas>
        <pontuacaoAulaFrequentada>20</pontuacaoAulaFrequentada>
        <presenca>true</presenca>
      </model.AulaFrequentada>
    </aulasFrequentadas>
    <pontuacaoAluno>0</pontuacaoAluno>
  </model.Aluno>
  <model.Aluno>
    <empresaColaborador>
      <idEmpresa>2</idEmpresa>
      <nomeEmpresa>MAC</nomeEmpresa>
    </empresaColaborador>
    <funcaoColaborador>
      <idFuncao>2</idFuncao>
      <descricaoFuncao>INSTRUTOR</descricaoFuncao>
    </funcaoColaborador>
    <estadoColaborador>ATIVO</estadoColaborador>
    <matricula>1234</matricula>
    <nome>FULANO DA SILVA</nome>
    <idAluno>3</idAluno>
    <estadoAluno>NAO_MATRICULADO</estadoAluno>
    <aulasFrequentadas/>
    <pontuacaoAluno>0</pontuacaoAluno>
  </model.Aluno>
  <model.Aluno>
    <empresaColaborador>
      <idEmpresa>3</idEmpresa>
      <nomeEmpresa>AV1001</nomeEmpresa>
    </empresaColaborador>
    <funcaoColaborador>
      <idFuncao>1</idFuncao>
      <descricaoFuncao>MOTORISTA</descricaoFuncao>
    </funcaoColaborador>
    <estadoColaborador>ATIVO</estadoColaborador>
    <matricula>4321</matricula>
    <nome>CICLANO DOS SANTOS</nome>
    <idAluno>4</idAluno>
    <estadoAluno>NAO_MATRICULADO</estadoAluno>
    <aulasFrequentadas/>
    <pontuacaoAluno>0</pontuacaoAluno>
  </model.Aluno>
</list>