<?xml version="1.0" encoding="UTF-8"?>
<project-private xmlns="http://www.netbeans.org/ns/project-private/1">
    <editor-bookmarks xmlns="http://www.netbeans.org/ns/editor-bookmarks/2" lastBookmarkId="0"/>
    <open-files xmlns="http://www.netbeans.org/ns/projectui-open-files/2">
        <group>
            <file>file:/C:/Users/Ygor/Documents/NetBeansProjects/LojaEletro_Old/src/model/Modelo.java</file>
            <file>file:/C:/Users/Ygor/Documents/NetBeansProjects/LojaEletro_Old/src/model/Aparelho.java</file>
            <file>file:/C:/Users/Ygor/Documents/NetBeansProjects/LojaEletro_Old/src/gui/GuiAparelho.java</file>
            <file>file:/C:/Users/Ygor/Documents/NetBeansProjects/LojaEletro_Old/src/model/Marca.java</file>
            <file>file:/C:/Users/Ygor/Documents/NetBeansProjects/LojaEletro_Old/src/gui/GuiMarca.java</file>
            <file>file:/C:/Users/Ygor/Documents/NetBeansProjects/LojaEletro_Old/src/gui/GuiModelo.java</file>
        </group>
    </open-files>
</project-private>
